Basis,Accuracy,Kappa,AccuracyLower,AccuracyUpper,AccuracyNull,AccuracyPValue,McnemarPValue
CDC Modified Level (Overall),0.839590020710503,0.688116863771887,0.839063520094453,0.840115470535081,0.591404259729049,0,0
CDC Modified Level (Cases only),0.798998609506319,0.625827827910784,0.798423805864148,0.799572488011289,0.591404259729049,0,0
CDC Modified Level (Positivity only),0.498229430923233,0.226796146428403,0.497512920060425,0.498945947263722,0.591404259729049,1,0
GM Modified Criteria,0.890066063140058,0.782530824753807,0.889617095026451,0.890513824133674,0.591404259729049,0,
